{
  "sheet": "BGM",
  "defaultColumn": "File",
  "definitions": [
    {
      "name": "File"
    },
    {
      "index": 1,
      "name": "Priority"
    },
    {
      "index": 2,
      "name": "DisableRestartTimeOut"
    },
    {
      "index": 3,
      "name": "DisableRestart"
    },
    {
      "index": 4,
      "name": "PassEnd"
    },
    {
      "index": 5,
      "name": "DisableRestartResetTime"
    },
    {
      "index": 6,
      "name": "SpecialMode"
    }
  ]
}