{
  "sheet": "ContentFinderCondition",
  "defaultColumn": "Name",
  "definitions": [
    {
      "index": 1,
      "name": "TerritoryType",
      "converter": {
        "type": "link",
        "target": "TerritoryType"
      }
    },
    {
      "index": 2,
      "name": "ContentLinkType"
    },
    {
      "index": 3,
      "name": "Content",
      "converter": {
        "type": "complexlink",
        "links": [
          {
            "when": {
              "key": "ContentLinkType",
              "value": 1
            },
            "sheet": "InstanceContent"
          },
          {
            "when": {
              "key": "ContentLinkType",
              "value": 2
            },
            "sheet": "PartyContent"
          },
          {
            "when": {
              "key": "ContentLinkType",
              "value": 3
            },
            "sheet": "PublicContent"
          },
          {
            "when": {
              "key": "ContentLinkType",
              "value": 4
            },
            "sheet": "GoldSaucerContent"
          }
        ]
      }
    },
    {
      "index": 9,
      "name": "ContentMemberType",
      "converter": {
        "type": "link",
        "target": "ContentMemberType"
      }
    },
    {
      "index": 13,
      "name": "UnlockQuest",
      "converter": {
        "type": "link",
        "target": "Quest"
      }
    },
    {
      "index": 15,
      "name": "ClassJobLevel{Required}"
    },
    {
      "index": 16,
      "name": "ClassJobLevel{Sync}"
    },
    {
      "index": 17,
      "name": "ItemLevel{Required}"
    },
    {
      "index": 18,
      "name": "ItemLevel{Sync}"
    },
    {
      "index": 19,
      "name": "AllowUndersized"
    },
    {
      "index": 20,
      "name": "AllowReplacement"
    },
    {
      "index": 26,
      "name": "HighEndDuty"
    },
    {
      "index": 30,
      "name": "DutyRecorderAllowed"
    },
    {
      "index": 34,
      "name": "Name"
    },
    {
      "index": 35,
      "name": "ContentType",
      "converter": {
        "type": "link",
        "target": "ContentType"
      }
    },
    {
      "index": 36,
      "name": "TransientKey"
    },
    {
      "index": 37,
      "name": "Transient",
      "converter": {
        "type": "complexlink",
        "links": [
          {
            "when": {
              "key": "TransientKey",
              "value": 6
            },
            "sheet": "ContentFinderConditionTransient"
          },
          {
            "when": {
              "key": "TransientKey",
              "value": 7
            },
            "sheet": "ContentFinderConditionTransient"
          }
        ]
      }
    },
    {
      "index": 38,
      "name": "SortKey"
    },
    {
      "index": 39,
      "name": "Image",
      "converter": {
        "type": "icon"
      }
    },
    {
      "index": 40,
      "name": "Icon",
      "converter": {
        "type": "icon"
      }
    },
    {
      "index": 42,
      "name": "LevelingRoulette"
    },
    {
      "index": 43,
      "name": "Level50/60Roulette"
    },
    {
      "index": 44,
      "name": "MSQRoulette"
    },
    {
      "index": 45,
      "name": "GuildHestRoulette"
    },
    {
      "index": 46,
      "name": "ExpertRoulette"
    },
    {
      "index": 47,
      "name": "TrialRoulette"
    },
    {
      "index": 48,
      "name": "DailyFrontlineChallenge"
    },
    {
      "index": 49,
      "name": "Level70Roulette"
    },
    {
      "index": 50,
      "name": "MentorRoulette"
    },
    {
      "index": 56,
      "name": "AllianceRoulette"
    },
    {
      "index": 58,
      "name": "NormalRaidRoulette"
    }
  ]
}
