{
  "sheet": "ContentsNote",
  "definitions": [
    {
      "name": "ContentType",
      "converter": {
        "type": "link",
        "target": "ContentsNoteCategory"
      }
    },
    {
      "index": 1,
      "name": "Icon",
      "converter": {
        "type": "icon"
      }
    },
    {
      "index": 2,
      "name": "MenuOrder"
    },
    {
      "index": 3,
      "name": "RequiredAmount"
    },
    {
      "index": 4,
      "name": "Reward[0]"
    },
    {
      "index": 5,
      "name": "ExpMultiplier"
    },
    {
      "index": 6,
      "name": "Reward[1]"
    },
    {
      "index": 7,
      "name": "GilRward"
    },
    {
      "index": 8,
      "name": "LevelUnlock"
    },
    {
      "index": 9,
      "name": "HowTo",
      "converter": {
        "type": "link",
        "target": "HowTo"
      }
    },
    {
      "index": 10,
      "name": "ReqUnlock",
      "converter": {
        "type": "multiref",
        "targets": [
          "Quest"
        ]
      }
    },
    {
      "index": 11,
      "name": "Name"
    },
    {
      "index": 12,
      "name": "Description"
    },
    {
      "index": 13,
      "name": "ExpCap"
    }
  ]
}