{
  "sheet": "Fate",
  "defaultColumn": "Name",
  "definitions": [
    {
      "name": "EurekaFate"
    },
    {
      "index": 1,
      "name": "Rule"
    },
    {
      "index": 2,
      "name": "Location"
    },
    {
      "index": 3,
      "name": "ClassJobLevel"
    },
    {
      "index": 4,
      "name": "ClassJobLevel{Max}"
    },
    {
      "index": 5,
      "name": "EventItem",
      "converter": {
        "type": "link",
        "target": "EventItem"
      }
    },
    {
      "index": 6,
      "type": "repeat",
      "count": 3,
      "definition": {
        "name": "TypeToDoValue"
      }
    },
    {
      "index": 9,
      "name": "Icon{Objective}",
      "converter": {
        "type": "icon"
      }
    },
    {
      "index": 10,
      "name": "Icon{Map}",
      "converter": {
        "type": "icon"
      }
    },
    {
      "index": 11,
      "name": "IconInactive{Map}",
      "converter": {
        "type": "icon"
      }
    },
    {
      "index": 12,
      "name": "Music",
      "converter": {
        "type": "link",
        "target": "BGM"
      }
    },
    {
      "index": 13,
      "name": "LGBGuardNPCLocation"
    },
    {
      "index": 14,
      "name": "ScreenImage{Accept}",
      "converter": {
        "type": "link",
        "target": "ScreenImage"
      }
    },
    {
      "index": 15,
      "name": "ScreenImage{Complete}",
      "converter": {
        "type": "link",
        "target": "ScreenImage"
      }
    },
    {
      "index": 16,
      "name": "ScreenImage{Failed}",
      "converter": {
        "type": "link",
        "target": "ScreenImage"
      }
    },
    {
      "index": 17,
      "name": "HasWorldMapIcon"
    },
    {
      "index": 18,
      "name": "IsQuest"
    },
    {
      "index": 26,
      "name": "Name"
    },
    {
      "index": 27,
      "name": "Description"
    },
    {
      "index": 28,
      "name": "Objective"
    },
    {
      "index": 29,
      "type": "repeat",
      "count": 3,
      "definition": {
        "name": "StatusText"
      }
    },
    {
      "index": 32,
      "name": "ArrayIndex",
      "converter": {
        "type": "link",
        "target": "ArrayEventHandler"
      }
    }
  ]
}