{
  "sheet": "FCActivity",
  "defaultColumn": "Text",
  "definitions": [
    {
      "name": "Text"
    },
    {
      "index": 1,
      "name": "SelfKind"
    },
    {
      "index": 2,
      "name": "TargetKind"
    },
    {
      "index": 3,
      "name": "NumParam"
    },
    {
      "index": 4,
      "name": "FCActivityCategory",
      "converter": {
        "type": "link",
        "target": "FCActivityCategory"
      }
    },
    {
      "index": 5,
      "name": "IconType"
    }
  ]
}