{
  "sheet": "GCScripShopItem",
  "defaultColumn": "Item",
  "definitions": [
    {
      "name": "Item",
      "converter": {
        "type": "link",
        "target": "Item"
      }
    },
    {
      "index": 1,
      "name": "Required{GrandCompanyRank}",
      "converter": {
        "type": "link",
        "target": "GrandCompanyRank"
      }
    },
    {
      "index": 2,
      "name": "Cost{GCSeals}"
    },
    {
      "index": 3,
      "name": "SortKey"
    }
  ]
}