{
  "sheet": "GrandCompanyRank",
  "definitions": [
    {
      "name": "Tier"
    },
    {
      "index": 1,
      "name": "Order"
    },
    {
      "index": 2,
      "name": "MaxSeals"
    },
    {
      "index": 3,
      "name": "RequiredSeals"
    },
    {
      "index": 4,
      "name": "Icon{Maelstrom}",
      "converter": {
        "type": "icon"
      }
    },
    {
      "index": 5,
      "name": "Icon{Serpents}",
      "converter": {
        "type": "icon"
      }
    },
    {
      "index": 6,
      "name": "Icon{Flames}",
      "converter": {
        "type": "icon"
      }
    },
    {
      "index": 7,
      "name": "Quest{Maelstrom}",
      "converter": {
        "type": "link",
        "target": "Quest"
      }
    },
    {
      "index": 8,
      "name": "Quest{Serpents}",
      "converter": {
        "type": "link",
        "target": "Quest"
      }
    },
    {
      "index": 9,
      "name": "Quest{Flames}",
      "converter": {
        "type": "link",
        "target": "Quest"
      }
    }
  ]
}