{
  "sheet": "GuildOrder",
  "definitions": [
    {
      "name": "ENpc[Name]",
      "converter": {
        "type": "link",
        "target": "ENpcResident"
      }
    },
    {
      "index": 1,
      "name": "Objective"
    },
    {
      "index": 2,
      "name": "Description{1}"
    },
    {
      "index": 3,
      "name": "Description{2}"
    },
    {
      "index": 4,
      "name": "Description{3}"
    },
    {
      "index": 5,
      "name": "CompletionBonusExp"
    },
    {
      "index": 6,
      "name": "RewardExp"
    },
    {
      "index": 7,
      "name": "CompletionBonusGil"
    },
    {
      "index": 8,
      "name": "RewardGil"
    }
  ]
}