{
  "sheet": "ItemSearchCategory",
  "defaultColumn": "Name",
  "definitions": [
    {
      "name": "Name"
    },
    {
      "index": 1,
      "name": "Icon",
      "converter": {
        "type": "icon"
      }
    },
    {
      "index": 2,
      "name": "Category"
    },
    {
      "index": 3,
      "name": "Order"
    },
    {
      "index": 4,
      "name": "ClassJob",
      "converter": {
        "type": "link",
        "target": "ClassJob"
      }
    }
  ]
}