{
  "sheet": "MonsterNoteTarget",
  "defaultColumn": "BNpcName",
  "definitions": [
    {
      "name": "BNpcName",
      "converter": {
        "type": "link",
        "target": "BNpcName"
      }
    },
    {
      "index": 1,
      "name": "Icon",
      "converter": {
        "type": "icon"
      }
    },
    {
      "index": 2,
      "name": "Town",
      "converter": {
        "type": "link",
        "target": "Town"
      }
    },
    {
      "index": 3,
      "type": "repeat",
      "count": 3,
      "definition": {
        "type": "group",
        "members": [
          {
            "name": "PlaceName{Zone}",
            "converter": {
              "type": "link",
              "target": "PlaceName"
            }
          },
          {
            "name": "PlaceName{Location}",
            "converter": {
              "type": "link",
              "target": "PlaceName"
            }
          }
        ]
      }
    }
  ]
}