{
  "sheet": "Perform",
  "defaultColumn": "Name",
  "definitions": [
    {
      "name": "Name"
    },
    {
      "index": 2,
      "name": "ModelKey"
    },
    {
      "index": 3,
      "name": "Animation{Start}",
      "converter": {
        "type": "link",
        "target": "ActionTimeline"
      }
    },
    {
      "index": 4,
      "name": "Animation{End}",
      "converter": {
        "type": "link",
        "target": "ActionTimeline"
      }
    },
    {
      "index": 5,
      "name": "Animation{Idle}",
      "converter": {
        "type": "link",
        "target": "ActionTimeline"
      }
    },
    {
      "index": 6,
      "name": "Animation{Play01}",
      "converter": {
        "type": "link",
        "target": "ActionTimeline"
      }
    },
    {
      "index": 7,
      "name": "Animation{Play02}",
      "converter": {
        "type": "link",
        "target": "ActionTimeline"
      }
    },
    {
      "index": 8,
      "name": "StopAnimation",
      "converter": {
        "type": "link",
        "target": "ActionTimeline"
      }
    },
    {
      "index": 9,
      "name": "Instrument"
    },
    {
      "index": 11,
      "name": "Transient",
      "converter": {
        "type": "link",
        "target": "PerformTransient"
      }
    }
  ]
}