{
  "sheet": "PetAction",
  "defaultColumn": "Name",
  "definitions": [
    {
      "name": "Name"
    },
    {
      "index": 1,
      "name": "Description"
    },
    {
      "index": 2,
      "name": "Icon",
      "converter": {
        "type": "icon"
      }
    },
    {
      "index": 3,
      "name": "Action",
      "converter": {
        "type": "link",
        "target": "Action"
      }
    },
    {
      "index": 4,
      "name": "Pet",
      "converter": {
        "type": "link",
        "target": "Pet"
      }
    },
    {
      "index": 5,
      "name": "MasterOrder"
    },
    {
      "index": 6,
      "name": "DisableOrder"
    }
  ]
}