{
  "sheet": "QuestClassJobSupply",
  "defaultColumn": "Name",
  "definitions": [
    {
      "name": "ClassJobCategory",
      "converter": {
        "type": "link",
        "target": "ClassJobCategory"
      }
    },
    {
      "index": 2,
      "name": "ENpcResident",
      "converter": {
        "type": "link",
        "target": "ENpcResident"
      }
    },
    {
      "index": 3,
      "name": "Item",
      "converter": {
        "type": "link",
        "target": "Item"
      }
    }
  ]
}