{
  "sheet": "Relic3",
  "defaultColumn": "Item{Novus}",
  "definitions": [
    {
      "name": "Item{Animus}",
      "converter": {
        "type": "link",
        "target": "Item"
      }
    },
    {
      "index": 1,
      "name": "Item{Scroll}",
      "converter": {
        "type": "link",
        "target": "Item"
      }
    },
    {
      "index": 2,
      "name": "MateriaLimit"
    },
    {
      "index": 3,
      "name": "Item{Novus}",
      "converter": {
        "type": "link",
        "target": "Item"
      }
    },
    {
      "index": 4,
      "name": "Icon",
      "converter": {
        "type": "icon"
      }
    }
  ]
}