{
  "sheet": "RelicItem",
  "definitions": [
    {
      "index": 1,
      "name": "Gladiator{Item}",
      "converter": {
        "type": "link",
        "target": "Item"
      }
    },
    {
      "index": 2,
      "name": "Pugilist{Item}",
      "converter": {
        "type": "link",
        "target": "Item"
      }
    },
    {
      "index": 3,
      "name": "Marauder{Item}",
      "converter": {
        "type": "link",
        "target": "Item"
      }
    },
    {
      "index": 4,
      "name": "Lancer{Item}",
      "converter": {
        "type": "link",
        "target": "Item"
      }
    },
    {
      "index": 5,
      "name": "Archer{Item}",
      "converter": {
        "type": "link",
        "target": "Item"
      }
    },
    {
      "index": 6,
      "name": "Conjurer{Item}",
      "converter": {
        "type": "link",
        "target": "Item"
      }
    },
    {
      "index": 7,
      "name": "Thaumaturge{Item}",
      "converter": {
        "type": "link",
        "target": "Item"
      }
    },
    {
      "index": 8,
      "name": "Arcanist(SMN){Item}",
      "converter": {
        "type": "link",
        "target": "Item"
      }
    },
    {
      "index": 9,
      "name": "Arcanist(SCH){Item}",
      "converter": {
        "type": "link",
        "target": "Item"
      }
    },
    {
      "index": 10,
      "name": "Shield{Item}",
      "converter": {
        "type": "link",
        "target": "Item"
      }
    },
    {
      "index": 11,
      "name": "Rogue{Item}",
      "converter": {
        "type": "link",
        "target": "Item"
      }
    }
  ]
}