{
  "sheet": "RetainerTask",
  "definitions": [
    {
      "name": "IsRandom"
    },
    {
      "index": 1,
      "name": "ClassJobCategory",
      "converter": {
        "type": "link",
        "target": "ClassJobCategory"
      }
    },
    {
      "index": 2,
      "name": "RetainerLevel"
    },
    {
      "index": 4,
      "name": "RetainerTaskParameter",
      "converter": {
        "type": "link",
        "target": "RetainerTaskParameter"
      }
    },
    {
      "index": 5,
      "name": "VentureCost"
    },
    {
      "index": 6,
      "name": "MaxTime{min}"
    },
    {
      "index": 7,
      "name": "Experience"
    },
    {
      "index": 8,
      "name": "RequiredItemLevel"
    },
    {
      "index": 11,
      "name": "RequiredGathering"
    },
    {
      "index": 13,
      "name": "Task",
      "converter": {
        "type": "multiref",
        "targets": [
          "RetainerTaskNormal",
          "RetainerTaskRandom"
        ]
      }
    }
  ]
}