{
  "sheet": "SatisfactionSupplyReward",
  "definitions": [
    {
      "index": 1,
      "type": "repeat",
      "count": 2,
      "definition": {
        "type": "group",
        "members": [
          {
            "name": "Reward{Currency}",
            "converter": {
              "type": "link",
              "target": "Currency"
            }
          },
          {
            "name": "Quantity{Low}"
          },
          {
            "name": "Quantity{Mid}"
          },
          {
            "name": "Quantity{High}"
          }
        ]
      }
    },
    {
      "index": 10,
      "name": "Satisfaction{Low}"
    },
    {
      "index": 11,
      "name": "Satisfaction{Mid}"
    },
    {
      "index": 12,
      "name": "Satisfaction{High}"
    },
    {
      "index": 13,
      "name": "Gil{Low}"
    },
    {
      "index": 14,
      "name": "Gil{Mid}"
    },
    {
      "index": 15,
      "name": "Gil{High}"
    }
  ]
}