{
  "sheet": "SatisfactionSupply",
  "defaultColumn": "Item",
  "definitions": [
    {
      "name": "Slot"
    },
    {
      "index": 1,
      "name": "Probability<%>"
    },
    {
      "index": 2,
      "name": "Item",
      "converter": {
        "type": "link",
        "target": "Item"
      }
    },
    {
      "index": 3,
      "name": "Collectability{Low}"
    },
    {
      "index": 4,
      "name": "Collectability{Mid}"
    },
    {
      "index": 5,
      "name": "Collectability{High}"
    },
    {
      "index": 6,
      "name": "Reward",
      "converter": {
        "type": "link",
        "target": "SatisfactionSupplyReward"
      }
    }
  ]
}