{
  "sheet": "SatisfactionNpc",
  "defaultColumn": "Npc",
  "definitions": [
    {
      "name": "Npc",
      "converter": {
        "type": "link",
        "target": "ENpcResident"
      }
    },
    {
      "index": 1,
      "name": "Quest{Required}",
      "converter": {
        "type": "link",
        "target": "Quest"
      }
    },
    {
      "index": 3,
      "name": "DeliveriesPerWeek"
    },
    {
      "index": 4,
      "type": "repeat",
      "count": 6,
      "definition": {
        "name": "SupplyIndex"
      }
    },
    {
      "index": 10,
      "type": "repeat",
      "count": 6,
      "definition": {
        "name": "Satisfaction{Required}"
      }
    },
    {
      "index": 16,
      "type": "repeat",
      "count": 3,
      "definition": {
        "type": "group",
        "members": [
          {
            "type": "repeat",
            "count": 6,
            "definition": {
              "name": "Item",
              "converter": {
                "type": "link",
                "target": "Item"
              }
            }
          },
          {
            "type": "repeat",
            "count": 6,
            "definition": {
              "name": "ItemCount"
            }
          },
          {
            "type": "repeat",
            "count": 6,
            "definition": {
              "name": "IsHQ"
            }
          }
        ]
      }
    },
    {
      "index": 70,
      "name": "Icon",
      "converter": {
        "type": "icon"
      }
    }
  ]
}