{
  "sheet": "ScenarioTreeTipsClassQuest",
  "defaultColumn": "Quest",
  "definitions": [
    {
      "name": "Quest",
      "converter": {
        "type": "link",
        "target": "Quest"
      }
    },
    {
      "index": 1,
      "name": "RequiredLevel"
    },
    {
      "index": 2,
      "name": "RequiredExpansion",
      "converter": {
        "type": "link",
        "target": "ExVersion"
      }
    },
    {
      "index": 3,
      "name": "RequiredQuest",
      "converter": {
        "type": "link",
        "target": "Quest"
      }
    }
  ]
}